"amount","previousBalance","transactionStatus","transanctionRelatedType","transanctionTime","transanctionType","contestId","fixtureDisplayName","fixtureId","contestName","fixtureStartDate"
5,0,"Success","Signup Bonus","2024-04-28T05:18:33.187Z","Credit",,,,,
5,0,"Success","Cash Bonus","2024-04-28T05:18:33.193Z","Credit",,,,,
4.75,5,"Success","EntryFee","2024-04-28T05:28:41.757Z","Debit","662bb49c9429513c07bc985a","GT vs RCB",74737,"Kaam ""25"" he","2024-04-28T10:00:00.000Z"
6,0.25,"Success","Winnings","2024-04-28T15:22:33.729Z","Credit","662bb49c9429513c07bc985a","GT vs RCB",74737,"Kaam ""25"" he","2024-04-28T10:00:00.000Z"
4.75,6.25,"Success","EntryFee","2024-04-28T21:28:55.284Z","Debit","662d0cf19429513c07bcae2d","KKR vs DC",74739,"Kaam ""25"" he","2024-04-29T14:00:00.000Z"
5,1.5,"Success","Winnings","2024-04-29T17:32:16.922Z","Credit","662d0cf19429513c07bcae2d","KKR vs DC",74739,"Kaam ""25"" he","2024-04-29T14:00:00.000Z"
4.75,6.5,"Success","EntryFee","2024-04-29T18:02:29.005Z","Debit","662d0d119429513c07bcae44","LSG vs MI",74740,"Kaam ""25"" he","2024-04-30T14:00:00.000Z"
25,1.75,"Success","Credit","2024-04-29T23:46:00.882Z","Credit",,,,,
19,26.75,"Success","EntryFee","2024-04-29T23:57:18.935Z","Debit","662d0d119429513c07bcae46","LSG vs MI",74740,"Game of 3","2024-04-30T14:00:00.000Z"
50,37.75,"Success","Winnings","2024-04-30T17:55:11.255Z","Credit","662d0d119429513c07bcae46","LSG vs MI",74740,"Game of 3","2024-04-30T14:00:00.000Z"
30,7.75,"Success","Winnings","2024-04-30T17:55:11.236Z","Credit","662d0d119429513c07bcae44","LSG vs MI",74740,"Kaam ""25"" he","2024-04-30T14:00:00.000Z"
4.75,87.75,"Success","EntryFee","2024-04-30T17:57:06.046Z","Debit","662f12d19429513c07bcedb6","CSK vs PBKS",74741,"Kaam ""25"" he","2024-05-01T14:00:00.000Z"
19,83,"Success","EntryFee","2024-04-30T17:57:42.804Z","Debit","662f12d19429513c07bcedb8","CSK vs PBKS",74741,"Game of 3","2024-05-01T14:00:00.000Z"
50,70.66666666666667,"Success","Winnings","2024-05-01T17:58:25.065Z","Credit","662f12d19429513c07bcedb8","CSK vs PBKS",74741,"Game of 3","2024-05-01T14:00:00.000Z"
6.666666666666667,64,"Success","Winnings","2024-05-01T17:58:25.053Z","Credit","662f12d19429513c07bcedb6","CSK vs PBKS",74741,"Kaam ""25"" he","2024-05-01T14:00:00.000Z"
100,120.66666666666667,"Success","Withdrawal","2024-05-01T18:00:39.685Z","Debit",,,,,
19,20.67,"Success","EntryFee","2024-05-01T18:05:02.238Z","Debit","662f12aa9429513c07bced9e","SRH vs RR",74742,"Game of 3","2024-05-02T14:00:00.000Z"
25,1.67,"Success","Credit","2024-05-02T15:10:52.516Z","Credit",,,,,
4.75,26.67,"Success","EntryFee","2024-05-02T15:17:25.074Z","Debit","663100c5ff9e6c9d8ab5342e","MI vs KKR",74743,"Kaam ""25"" he","2024-05-03T14:00:00.000Z"
19.25,21.92,"Success","EntryFee","2024-05-02T15:17:56.323Z","Debit","663100c5ff9e6c9d8ab53430","MI vs KKR",74743,"Game of 3","2024-05-03T14:00:00.000Z"
25,2.67,"Success","Credit","2024-05-03T18:53:53.474Z","Credit",,,,,
20,27.67,"Success","EntryFee","2024-05-03T18:57:01.693Z","Debit","6632f0c3b48917c7ae43e3eb","RCB vs GT",74744,"Game of 3","2024-05-04T14:00:00.000Z"
5,7.67,"Success","EntryFee","2024-05-03T18:59:55.160Z","Debit","6632f0c3b48917c7ae43e3e9","RCB vs GT",74744,"Kaam ""25"" he","2024-05-04T14:00:00.000Z"
50,2.67,"Success","Winnings","2024-05-04T17:18:44.950Z","Credit","6632f0c3b48917c7ae43e3eb","RCB vs GT",74744,"Game of 3","2024-05-04T14:00:00.000Z"
20,52.67,"Success","EntryFee","2024-05-04T18:55:09.397Z","Debit","6633e8efb48917c7ae440ffb","PBKS vs CSK",74745,"Game of 3","2024-05-05T10:00:00.000Z"
18,32.67,"Success","EntryFee","2024-05-04T18:56:54.095Z","Debit","6633e8efb48917c7ae440ff8","PBKS vs CSK",74745,"Head To Head","2024-05-05T10:00:00.000Z"
12,14.67,"Success","EntryFee","2024-05-05T04:47:01.258Z","Debit","663696fac90b683496ddc299","PBKS vs CSK",74745,"Head To Head ","2024-05-05T10:00:00.000Z"
25,2.67,"Success","Credit","2024-05-05T11:23:22.498Z","Credit",,,,,
20,27.67,"Success","EntryFee","2024-05-05T11:25:33.850Z","Debit","66350397821eb0d26ba44bf1","LSG vs KKR",74746,"Game of 3","2024-05-05T14:00:00.000Z"
5,7.67,"Success","EntryFee","2024-05-05T11:25:44.711Z","Debit","66350397821eb0d26ba44bef","LSG vs KKR",74746,"Kaam ""25"" he","2024-05-05T14:00:00.000Z"
5,2.67,"Success","Winnings","2024-05-05T17:48:25.883Z","Credit","66350397821eb0d26ba44bef","LSG vs KKR",74746,"Kaam ""25"" he","2024-05-05T14:00:00.000Z"
25,7.67,"Success","Credit","2024-05-05T17:56:39.110Z","Credit",,,,,
20,32.67,"Success","EntryFee","2024-05-05T17:58:39.937Z","Debit","66378103821eb0d26ba4a8c4","MI vs SRH",74747,"Game of 3","2024-05-06T14:00:00.000Z"
12,12.67,"Success","EntryFee","2024-05-05T17:58:59.107Z","Debit","6637c7d3c90b6834962f7974","MI vs SRH",74747,"Head To Head ","2024-05-06T14:00:00.000Z"
50,0.67,"Success","Winnings","2024-05-06T17:44:41.551Z","Credit","66378103821eb0d26ba4a8c4","MI vs SRH",74747,"Game of 3","2024-05-06T14:00:00.000Z"
20,50.67,"Success","EntryFee","2024-05-06T18:19:56.109Z","Debit","66378105821eb0d26ba4a8db","DC vs RR",74748,"Game of 3","2024-05-07T14:00:00.000Z"
18,30.67,"Success","EntryFee","2024-05-06T18:21:06.933Z","Debit","66391a01c90b6834966dc683","DC vs RR",74748,"Head To Head","2024-05-07T14:00:00.000Z"
12,12.67,"Success","EntryFee","2024-05-06T19:06:41.168Z","Debit","6639192fc90b6834966dab57","DC vs RR",74748,"Head To Head ","2024-05-07T14:00:00.000Z"
25,0.67,"Success","Credit","2024-05-07T23:42:21.696Z","Credit",,,,,
20,25.67,"Success","EntryFee","2024-05-07T23:43:52.689Z","Debit","6638e5e372c267eb040b7ba1","SRH vs LSG",74749,"Game of 3","2024-05-08T14:00:00.000Z"
5,5.67,"Success","EntryFee","2024-05-08T13:58:50.246Z","Debit","663b804cc90b683496c548eb","SRH vs LSG",74749,"Kaam ""25"" he","2024-05-08T14:00:00.000Z"
50,0.67,"Success","Winnings","2024-05-08T16:48:29.509Z","Credit","6638e5e372c267eb040b7ba1","SRH vs LSG",74749,"Game of 3","2024-05-08T14:00:00.000Z"
8,50.67,"Success","Winnings","2024-05-08T16:48:29.521Z","Credit","663b804cc90b683496c548eb","SRH vs LSG",74749,"Kaam ""25"" he","2024-05-08T14:00:00.000Z"
20,58.67,"Success","EntryFee","2024-05-08T17:01:31.189Z","Debit","663a12a0b71a7d839ce77ba3","PBKS vs RCB",74750,"Game of 3","2024-05-09T14:00:00.000Z"
5,38.67,"Success","EntryFee","2024-05-08T17:03:25.664Z","Debit","663a12a0b71a7d839ce77ba1","PBKS vs RCB",74750,"Kaam ""25"" he","2024-05-09T14:00:00.000Z"
20,33.67,"Success","EntryFee","2024-05-09T17:36:06.563Z","Debit","663adaa4b71a7d839ce79044","GT vs CSK",74751,"Game of 3","2024-05-10T14:00:00.000Z"
12,13.67,"Success","EntryFee","2024-05-09T17:37:13.961Z","Debit","663adaa4b71a7d839ce79040","GT vs CSK",74751,"Head To Head ","2024-05-10T14:00:00.000Z"
50,1.67,"Success","Winnings","2024-05-09T18:11:46.476Z","Credit","663a12a0b71a7d839ce77ba3","PBKS vs RCB",74750,"Game of 3","2024-05-09T14:00:00.000Z"
20,51.67,"Success","EntryFee","2024-05-10T18:11:17.913Z","Debit","663e1bd9bdcccb8e1019fa35","KKR vs MI",74752,"Game of 3","2024-05-11T14:00:00.000Z"
25,31.67,"Success","EntryFee","2024-05-10T20:42:29.156Z","Debit","663e1bd9bdcccb8e1019fa39","KKR vs MI",74752,"High 5","2024-05-11T14:00:00.000Z"
5,6.67,"Success","EntryFee","2024-05-11T03:07:25.100Z","Debit","663e1bd9bdcccb8e1019fa33","KKR vs MI",74752,"Kaam ""25"" he","2024-05-11T14:00:00.000Z"
39,1.67,"Success","Credit","2024-05-14T17:42:14.051Z","Credit",,,,,
40,40.67,"Success","EntryFee","2024-05-14T17:46:31.878Z","Debit","66436d46bdcccb8e101a57e7","RR vs PBKS",74757,"Game of 3","2024-05-15T14:00:00.000Z"
100,0.67,"Success","Winnings","2024-05-15T17:46:16.628Z","Credit","66436d46bdcccb8e101a57e7","RR vs PBKS",74757,"Game of 3","2024-05-15T14:00:00.000Z"
100,100.67,"Success","Withdrawal","2024-05-15T17:47:46.065Z","Debit",,,,,
40,0.67,"Success","Credit","2024-05-15T21:59:46.455Z","Credit",,,,,
40,40.67,"Success","EntryFee","2024-05-15T22:01:49.776Z","Debit","66436d49bdcccb8e101a57fe","SRH vs GT",74758,"Game of 3","2024-05-16T14:00:00.000Z"
40,0.67,"Success","Refund","2024-05-16T16:50:00.157Z","Credit","66436d49bdcccb8e101a57fe",,0,,
40,40.67,"Success","EntryFee","2024-05-16T17:04:21.007Z","Debit","664638c4a3fb5122c4f6c5d7","MI vs LSG",74759,"Game of 3","2024-05-17T14:00:00.000Z"
40,0.67,"Success","Credit","2024-05-17T19:24:33.758Z","Credit",,,,,
40,40.67,"Success","EntryFee","2024-05-17T19:28:18.147Z","Debit","6646da08a3fb5122c4f6cb35","RCB vs CSK",74760,"Game of 3","2024-05-18T14:00:00.000Z"
40,0.67,"Failed","Credit","2024-05-18T20:15:21.490Z","Credit",,,,,
40,0.67,"Failed","Credit","2024-05-18T20:16:02.349Z","Credit",,,,,
40,0.67,"Success","Credit","2024-05-18T21:42:23.690Z","Credit",,,,,
40,40.67,"Success","EntryFee","2024-05-18T21:45:59.683Z","Debit","664901f2a3fb5122c4f6ef9a","SRH vs PBKS",74761,"Game of 3","2024-05-19T10:00:00.000Z"
40,0.67,"Success","Credit","2024-05-19T11:08:06.310Z","Credit",,,,,
40,40.67,"Success","EntryFee","2024-05-19T11:09:32.808Z","Debit","664901f6a3fb5122c4f6efb1","RR vs KKR",74762,"Game of 3","2024-05-19T14:00:00.000Z"
100,0.67,"Success","Winnings","2024-05-19T13:47:12.486Z","Credit","664901f2a3fb5122c4f6ef9a","SRH vs PBKS",74761,"Game of 3","2024-05-19T10:00:00.000Z"
100,100.67,"Success","Withdrawal","2024-05-19T13:49:35.722Z","Debit",,,,,
40,0.67,"Success","Refund","2024-05-19T17:25:44.642Z","Credit","664901f6a3fb5122c4f6efb1",,0,,
40,40.67,"Success","EntryFee","2024-05-20T04:22:36.328Z","Debit","664ac844a3fb5122c4f70e5a","KKR vs SRH",74763,"Game of 3","2024-05-21T14:00:00.000Z"
40,0.67,"Success","Credit","2024-05-21T17:36:46.738Z","Credit",,,,,
40,40.67,"Success","EntryFee","2024-05-21T17:55:09.253Z","Debit","664ac86ba3fb5122c4f70e75","RR vs RCB",74764,"Game of 3","2024-05-22T14:00:00.000Z"
40,0.67,"Success","Credit","2024-05-23T01:26:45.449Z","Credit",,,,,
40,40.67,"Success","EntryFee","2024-05-23T02:01:05.907Z","Debit","664e9d46a3fb5122c4f73d07","SRH vs RR",74765,"Game of 3","2024-05-24T14:00:00.000Z"
25,0.67,"Success","Credit","2024-05-24T03:15:14.335Z","Credit",,,,,
20,25.67,"Success","EntryFee","2024-05-24T03:16:25.346Z","Debit","664ff500fb0f49f76656f1e9","SRH vs RR",74765,"Game of 3","2024-05-24T14:00:00.000Z"
5,5.67,"Success","EntryFee","2024-05-24T03:17:17.426Z","Debit","664e9d46a3fb5122c4f73d04","SRH vs RR",74765,"Kaam ""25"" he","2024-05-24T14:00:00.000Z"
6,0.67,"Success","Winnings","2024-05-25T05:17:57.393Z","Credit","664e9d46a3fb5122c4f73d04","SRH vs RR",74765,"Kaam ""25"" he","2024-05-24T14:00:00.000Z"
50,106.67,"Success","Winnings","2024-05-25T05:17:58.343Z","Credit","664ff500fb0f49f76656f1e9","SRH vs RR",74765,"Game of 3","2024-05-24T14:00:00.000Z"
100,6.67,"Success","Winnings","2024-05-25T05:17:57.871Z","Credit","664e9d46a3fb5122c4f73d07","SRH vs RR",74765,"Game of 3","2024-05-24T14:00:00.000Z"
156,156.67000000000002,"Success","Withdrawal","2024-05-25T05:19:17.765Z","Debit",,,,,
40,0.67,"Success","Credit","2024-05-25T22:15:52.870Z","Credit",,,,,
40,40.67,"Success","EntryFee","2024-05-25T22:17:51.852Z","Debit","66514797a3fb5122c4f75ce7","KKR vs SRH",74766,"Game of 3","2024-05-26T14:00:00.000Z"
40,0.67,"Success","Credit","2024-05-26T03:51:32.316Z","Credit",,,,,
40,40.67,"Success","EntryFee","2024-05-26T03:53:52.808Z","Debit","665274cdfb0f49f766b16480","KKR vs SRH",74766,"Game of 3","2024-05-26T14:00:00.000Z"
100,0.67,"Success","Winnings","2024-05-26T16:57:42.095Z","Credit","66514797a3fb5122c4f75ce7","KKR vs SRH",74766,"Game of 3","2024-05-26T14:00:00.000Z"
100,100.67,"Success","Winnings","2024-05-26T16:57:42.109Z","Credit","665274cdfb0f49f766b16480","KKR vs SRH",74766,"Game of 3","2024-05-26T14:00:00.000Z"
200,200.67000000000002,"Success","Withdrawal","2024-05-26T16:59:47.439Z","Debit",,,,,
40,0.67,"Success","Credit","2024-05-27T17:32:34.784Z","Credit",,,,,
40,40.67,"Success","EntryFee","2024-05-27T17:34:11.403Z","Debit","665340efa3fb5122c4f782f6","ENG vs PAK",72780,"Game of 3","2024-05-28T17:30:00.000Z"
118,0.67,"Success","Credit","2024-05-28T03:26:37.171Z","Credit",,,,,
118,118.67,"Success","EntryFee","2024-05-28T03:27:59.338Z","Debit","665340efa3fb5122c4f782fc","ENG vs PAK",72780,"Head To Head","2024-05-28T17:30:00.000Z"
118,40.67,"Success","Refund","2024-05-28T19:27:12.538Z","Credit","665340efa3fb5122c4f782fc",,0,,
40,0.67,"Success","Refund","2024-05-28T19:27:12.434Z","Credit","665340efa3fb5122c4f782f6",,0,,
40,158.67000000000002,"Success","EntryFee","2024-05-28T20:01:49.575Z","Debit","665340e8a3fb5122c4f782bf","ENG-W vs PAK-W",74543,"Game of 3","2024-05-29T12:00:00.000Z"
100,118.67,"Success","Winnings","2024-05-29T18:00:03.725Z","Credit","665340e8a3fb5122c4f782bf","ENG-W vs PAK-W",74543,"Game of 3","2024-05-29T12:00:00.000Z"
100,218.67000000000002,"Failed","Withdrawal","2024-05-29T18:02:23.794Z","Debit",,,,,
40,118.67,"Success","EntryFee","2024-05-29T18:03:36.448Z","Debit","665340f3a3fb5122c4f78324","ENG vs PAK",72781,"Game of 3","2024-05-30T17:30:00.000Z"
18,78.67,"Success","EntryFee","2024-05-30T05:05:05.364Z","Debit","66577a3cfb0f49f7665d683a","ENG vs PAK",72781,"Head To Head","2024-05-30T17:30:00.000Z"
100,60.67,"Success","Winnings","2024-05-31T05:47:33.949Z","Credit","665340f3a3fb5122c4f78324","ENG vs PAK",72781,"Game of 3","2024-05-30T17:30:00.000Z"
100,160.67000000000002,"Success","Withdrawal","2024-05-31T06:09:10.126Z","Debit",,,,,
100,160.67000000000002,"Success","Withdrawal","2024-05-31T21:23:43.754Z","Debit",,,,,
40,60.67,"Success","EntryFee","2024-06-01T03:23:14.905Z","Debit","6658ae24a3fb5122c4f7c54a","USA vs CAN",72827,"Game of 3","2024-06-02T00:30:00.000Z"
20,20.67,"Success","EntryFee","2024-06-01T15:09:55.851Z","Debit","665b1d26fb0f49f7662d6961","USA vs CAN",72827,"Game of 3","2024-06-02T00:30:00.000Z"
100,0.67,"Success","Winnings","2024-06-02T04:40:11.716Z","Credit","6658ae24a3fb5122c4f7c54a","USA vs CAN",72827,"Game of 3","2024-06-02T00:30:00.000Z"
100,100.67,"Success","Withdrawal","2024-06-02T10:13:24.963Z","Debit",,,,,
40,0.67,"Success","Credit","2024-06-02T14:05:33.083Z","Credit",,,,,
40,40.67,"Success","EntryFee","2024-06-02T14:07:36.999Z","Debit","665c756bfb0f49f7667528b8","WI vs PNG",72828,"Game of 3","2024-06-02T14:30:00.000Z"
100,0.67,"Success","Winnings","2024-06-02T17:58:07.261Z","Credit","665c756bfb0f49f7667528b8","WI vs PNG",72828,"Game of 3","2024-06-02T14:30:00.000Z"
100,100.67,"Success","Withdrawal","2024-06-02T17:58:42.890Z","Debit",,,,,
40,0.67,"Success","Credit","2024-06-02T19:32:03.263Z","Credit",,,,,
40,40.67,"Success","EntryFee","2024-06-02T19:33:51.775Z","Debit","665bbb3aa3fb5122c4f7f167","NAM vs OMN",72829,"Game of 3","2024-06-03T00:30:00.000Z"
18,0.67,"Success","Refund","2024-06-03T06:40:05.364Z","Credit","66577a3cfb0f49f7665d683a","ENG vs PAK",72781,"Head To Head","2024-05-30T17:30:00.000Z"
18,18.67,"Success","EntryFee","2024-06-03T09:33:59.419Z","Debit","665d47e3fb0f49f766b2ef26","SL vs SA",72831,"Head To Head","2024-06-03T14:30:00.000Z"
30,0.67,"Success","Winnings","2024-06-03T17:39:14.591Z","Credit","665d47e3fb0f49f766b2ef26","SL vs SA",72831,"Head To Head","2024-06-03T14:30:00.000Z"
20,30.67,"Success","EntryFee","2024-06-03T17:41:29.856Z","Debit","665c907fa3fb5122c4f8165e","AFG vs UGA",72830,"Game of 3","2024-06-04T00:30:00.000Z"
50,10.67,"Success","Winnings","2024-06-04T03:51:08.528Z","Credit","665c907fa3fb5122c4f8165e","AFG vs UGA",72830,"Game of 3","2024-06-04T00:30:00.000Z"
40,60.67,"Success","EntryFee","2024-06-04T03:52:18.933Z","Debit","665e7f2bfb0f49f766df5ef6","ENG vs SCO",72832,"Game of 3","2024-06-04T14:30:00.000Z"
20,20.67,"Success","EntryFee","2024-06-04T03:52:29.347Z","Debit","665ddbd1a3fb5122c4f82c2d","ENG vs SCO",72832,"Game of 3","2024-06-04T14:30:00.000Z"
20,0.67,"Success","Refund","2024-06-04T18:58:04.993Z","Credit","665ddbd1a3fb5122c4f82c2d","ENG vs SCO",72832,"Winner takes all","2024-06-04T14:30:00.000Z"
40,20.67,"Success","Refund","2024-06-04T18:58:05.011Z","Credit","665e7f2bfb0f49f766df5ef6","ENG vs SCO",72832,"Winner takes all","2024-06-04T14:30:00.000Z"
40,60.67,"Success","EntryFee","2024-06-04T19:03:57.352Z","Debit","665f26dfa3fb5122c4f84702","IND vs IRE",72836,"Game of 3","2024-06-05T14:30:00.000Z"
20,20.67,"Success","EntryFee","2024-06-04T19:04:04.060Z","Debit","665f26dfa3fb5122c4f84701","IND vs IRE",72836,"Game of 3","2024-06-05T14:30:00.000Z"
100,0.67,"Success","Winnings","2024-06-05T17:20:26.843Z","Credit","665f26dfa3fb5122c4f84702","IND vs IRE",72836,"Game of 3","2024-06-05T14:30:00.000Z"
40,100.67,"Success","EntryFee","2024-06-05T17:23:56.457Z","Debit","665f597ea3fb5122c4f849ca","PNG vs UGA",72834,"Game of 3","2024-06-05T23:30:00.000Z"
40,60.67,"Success","EntryFee","2024-06-05T17:27:13.472Z","Debit","665f5980a3fb5122c4f849e3","AUS vs OMN",72835,"Game of 3","2024-06-06T00:30:00.000Z"
100,20.67,"Success","Winnings","2024-06-06T04:21:06.433Z","Credit","665f5980a3fb5122c4f849e3","AUS vs OMN",72835,"Game of 3","2024-06-06T00:30:00.000Z"
120,120.67,"Pending","Withdrawal","2024-06-06T04:40:38.667Z","Debit",,,,,
40,0.67,"Success","Credit","2024-06-06T14:11:49.354Z","Credit",,,,,
40,40.67,"Success","EntryFee","2024-06-06T14:13:34.986Z","Debit","6661b7cdfb0f49f7665b6742","USA vs PAK",72838,"Game of 3","2024-06-06T15:30:00.000Z"
40,0.67,"Success","Credit","2024-06-06T18:33:24.238Z","Credit",,,,,
40,40.67,"Success","EntryFee","2024-06-06T18:34:57.620Z","Debit","6660e62ba3fb5122c4f87167","NAM vs SCO",72837,"Game of 3","2024-06-06T19:00:00.000Z"