"amount","previousBalance","transactionStatus","transanctionRelatedType","transanctionTime","transanctionType","contestId","fixtureDisplayName","fixtureId","contestName","fixtureStartDate"
5,0,"Success","Signup Bonus","2024-03-20T20:55:19.054Z","Credit",,,,,
5,0,"Success","Cash Bonus","2024-03-20T20:55:19.062Z","Credit",,,,,
4.75,5,"Success","EntryFee","2024-03-20T22:10:01.484Z","Debit","65fb15e535e42bad45b74b80","CSK vs RCB",73801,"Mega Contest","2024-03-22T14:30:00.000Z"
10,0.25,"Success","Refund","2024-03-22T19:00:00.430Z","Credit","65fb15e535e42bad45b74b80","CSK vs RCB",73801,,"2024-03-22T14:30:00.000Z"
20,10.25,"Success","Referral Bonus From","2024-03-21T16:24:22.436Z","Credit",,,,"",
25,0.25,"Success","Credit","2024-03-21T23:03:28.987Z","Credit",,,,,
4.75,25.25,"Success","EntryFee","2024-03-21T23:59:11.426Z","Debit","65fcc4345a982ac4416ed134","CSK vs RCB",73801,"Mega Contest","2024-03-22T14:30:00.000Z"
19,20.5,"Success","EntryFee","2024-03-22T14:29:46.470Z","Debit","65fcc4345a982ac4416ed135","CSK vs RCB",73801,"Group of 3","2024-03-22T14:30:00.000Z"
25,1.5,"Success","Credit","2024-03-23T14:05:50.825Z","Credit",,,,,
4.75,26.5,"Success","EntryFee","2024-03-23T23:54:47.689Z","Debit","65fee6017cd77fd38d71011e","RR vs LSG",73804,"Mega Contest ","2024-03-24T10:00:00.000Z"
4.75,21.75,"Success","EntryFee","2024-03-23T23:58:03.862Z","Debit","65fee6017cd77fd38d71011e","RR vs LSG",73804,"Mega Contest ","2024-03-24T10:00:00.000Z"
14.25,17,"Success","EntryFee","2024-03-23T23:59:18.107Z","Debit","65fee6017cd77fd38d71011e","RR vs LSG",73804,"Mega Contest ","2024-03-24T10:00:00.000Z"
25,2.75,"Success","Credit","2024-03-24T13:33:12.424Z","Credit",,,,,
4.75,27.75,"Success","EntryFee","2024-03-24T13:47:34.680Z","Debit","65fee6047cd77fd38d710128","GT vs MI",73805,"Mega Contest ","2024-03-24T14:00:00.000Z"
4.75,23,"Success","EntryFee","2024-03-25T13:39:59.013Z","Debit","65ff505c06c2ddfb699a1fab","RCB vs PBKS",73806,"Mega Contest ","2024-03-25T14:00:00.000Z"
4.75,18.25,"Success","EntryFee","2024-03-26T00:59:36.506Z","Debit","65ff505f06c2ddfb699a1fb5","CSK vs GT",73807,"Mega Contest ","2024-03-26T14:00:00.000Z"
4.75,13.5,"Success","EntryFee","2024-03-26T13:56:46.590Z","Debit","6602934e06c2ddfb699a3640","CSK vs GT",73807,"Money Monster","2024-03-26T14:00:00.000Z"
25,8.75,,"Winnings","2024-03-26T18:32:03.296Z","Credit","65ff505f06c2ddfb699a1fb5","CSK vs GT",73807,,"2024-03-26T14:00:00.000Z"
5,33.75,,"Winnings","2024-03-26T18:32:03.301Z","Credit","6602934e06c2ddfb699a3640","CSK vs GT",73807,,"2024-03-26T14:00:00.000Z"
4.75,38.75,"Success","EntryFee","2024-03-27T02:33:18.780Z","Debit","6602036306c2ddfb699a343b","SRH vs MI",73808,"Mega Contest ","2024-03-27T14:00:00.000Z"
5,34,,"Winnings","2024-03-27T17:51:01.671Z","Credit","6602036306c2ddfb699a343b","SRH vs MI",73808,,"2024-03-27T14:00:00.000Z"
4.75,39,"Success","EntryFee","2024-03-28T04:06:53.626Z","Debit","6602039a06c2ddfb699a3445","RR vs DC",73809,"Mega Contest ","2024-03-28T14:00:00.000Z"
4.75,34.25,"Success","EntryFee","2024-03-29T04:27:03.810Z","Debit","6604257a06c2ddfb699a382b","RCB vs KKR",73810,"Mega Contest ","2024-03-29T14:00:00.000Z"
10,29.5,,"Winnings","2024-03-29T17:18:01.546Z","Credit","6604257a06c2ddfb699a382b","RCB vs KKR",73810,,"2024-03-29T14:00:00.000Z"
1,39.5,"Success","Bonus From Admin","2024-03-29T20:16:45.400Z","Bonus",,,,,
1,39.5,"Success","Bonus From Admin","2024-03-29T20:20:25.092Z","Bonus",,,,,
25,39.5,"Failed","Credit","2024-03-30T03:31:29.060Z","Credit",,,,,
25,39.5,"Success","Credit","2024-03-30T03:44:38.984Z","Credit",,,,,
25,64.5,"Failed","Credit","2024-03-30T03:49:56.489Z","Credit",,,,,
25,64.5,"Failed","Credit","2024-03-30T03:51:50.974Z","Credit",,,,,
88,64.5,"Failed","Credit","2024-03-30T15:55:38.943Z","Credit",,,,,
25,64.5,"Failed","Credit","2024-03-30T17:06:40.444Z","Credit",,,,,
25,64.5,"Failed","Credit","2024-03-30T20:25:47.344Z","Credit",,,,,
4.75,64.5,"Success","EntryFee","2024-03-31T03:14:44.715Z","Debit","66080f80c6acb5c67252bb62","GT vs SRH",73812,"Mega Contest ","2024-03-31T10:00:00.000Z"
4.75,59.75,,"Refund","2024-03-31T10:00:00.248Z","Credit","66080f80c6acb5c67252bb62","GT vs SRH",73812,,"2024-03-31T10:00:00.000Z"
4.75,64.5,"Success","EntryFee","2024-03-31T11:56:11.657Z","Debit","66094ec3c6acb5c67252c586","MI vs RR",73814,"Mega Contest","2024-04-01T14:00:00.000Z"
500,59.75,"Success","Winnings","2024-04-12T17:44:02.653Z","Credit","661406e54b69ff5a713b6135","LSG vs DC",74718,,"2024-04-12T14:00:00.000Z"
0,559.75,"Success","Refund","2024-04-13T14:00:00.097Z","Credit","661681f34b69ff5a713b6a14","PBKS vs RR",74719,"Head To Head","2024-04-13T14:00:00.000Z"
1.9,559.75,"Success","EntryFee","2024-04-15T13:19:52.987Z","Debit","661bb2b3d700d57fd8f81bf9","RCB vs SRH",74722,"Mega Contest ($2 To $5759)","2024-04-15T14:00:00.000Z"
3,557.85,"Success","Winnings","2024-04-15T17:43:04.703Z","Credit","661bb2b3d700d57fd8f81bf9","RCB vs SRH",74722,"Mega Contest ($2 To $5759)","2024-04-15T14:00:00.000Z"
26,560.85,"Success","Credit","2024-04-22T22:19:52.749Z","Credit",,,,,
4.75,586.85,"Success","EntryFee","2024-04-28T22:28:51.569Z","Debit","662d0cf19429513c07bcae2d","KKR vs DC",74739,"Kaam ""25"" he","2024-04-29T14:00:00.000Z"
4.75,582.1,"Success","EntryFee","2024-05-03T12:41:45.924Z","Debit","663100c5ff9e6c9d8ab5342e","MI vs KKR",74743,"Kaam ""25"" he","2024-05-03T14:00:00.000Z"
540,577.35,"Failed","Withdrawal","2024-05-10T20:09:29.878Z","Debit",,,,,
1.9,37.35,"Success","EntryFee","2024-05-11T05:14:30.861Z","Debit","663e1bd9bdcccb8e1019fa3d","KKR vs MI",74752,"Mega Contest ($2 To $1438)","2024-05-11T14:00:00.000Z"
0.95,575.45,"Success","EntryFee","2024-05-24T13:49:11.479Z","Debit","664e9d46a3fb5122c4f73d0f","SRH vs RR",74765,"Dollar Only ","2024-05-24T14:00:00.000Z"
38,574.5,"Success","EntryFee","2024-05-26T13:59:16.980Z","Debit","66531571fb0f49f766bebf9c","KKR vs SRH",74766,"Game of 3","2024-05-26T14:00:00.000Z"
19,536.5,"Success","EntryFee","2024-05-26T13:59:34.687Z","Debit","66533dbffb0f49f766c31072","KKR vs SRH",74766,"Game of 3","2024-05-26T14:00:00.000Z"
0.95,517.5,"Success","EntryFee","2024-05-28T16:16:27.403Z","Debit","665340efa3fb5122c4f782fe","ENG vs PAK",72780,"Dollar Only ","2024-05-28T17:30:00.000Z"
0.95,516.55,"Success","Refund","2024-05-28T19:27:12.652Z","Credit","665340efa3fb5122c4f782fe",,0,,
0.95,517.5,"Success","EntryFee","2024-05-30T17:16:15.604Z","Debit","665340f3a3fb5122c4f7832c","ENG vs PAK",72781,"Dollar Only ","2024-05-30T17:30:00.000Z"