"amount","previousBalance","transactionStatus","transanctionRelatedType","transanctionTime","transanctionType"
5,0,"Success","Signup Bonus","2024-04-28T05:18:33.187Z","Credit"
5,0,"Success","Cash Bonus","2024-04-28T05:18:33.193Z","Credit"
4.75,5,"Success","EntryFee","2024-04-28T05:28:41.757Z","Debit"
6,0.25,"Success","Winnings","2024-04-28T15:22:33.729Z","Credit"
4.75,6.25,"Success","EntryFee","2024-04-28T21:28:55.284Z","Debit"
5,1.5,"Success","Winnings","2024-04-29T17:32:16.922Z","Credit"
4.75,6.5,"Success","EntryFee","2024-04-29T18:02:29.005Z","Debit"
25,1.75,"Success","Credit","2024-04-29T23:46:00.882Z","Credit"
19,26.75,"Success","EntryFee","2024-04-29T23:57:18.935Z","Debit"
30,7.75,"Success","Winnings","2024-04-30T17:55:11.236Z","Credit"
50,37.75,"Success","Winnings","2024-04-30T17:55:11.255Z","Credit"
4.75,87.75,"Success","EntryFee","2024-04-30T17:57:06.046Z","Debit"
19,83,"Success","EntryFee","2024-04-30T17:57:42.804Z","Debit"
6.666666666666667,64,"Success","Winnings","2024-05-01T17:58:25.053Z","Credit"
50,70.66666666666667,"Success","Winnings","2024-05-01T17:58:25.065Z","Credit"
100,120.66666666666667,"Success","Withdrawal","2024-05-01T18:00:39.685Z","Debit"
19,20.67,"Success","EntryFee","2024-05-01T18:05:02.238Z","Debit"
25,1.67,"Success","Credit","2024-05-02T15:10:52.516Z","Credit"
4.75,26.67,"Success","EntryFee","2024-05-02T15:17:25.074Z","Debit"
19.25,21.92,"Success","EntryFee","2024-05-02T15:17:56.323Z","Debit"
25,2.67,"Success","Credit","2024-05-03T18:53:53.474Z","Credit"
20,27.67,"Success","EntryFee","2024-05-03T18:57:01.693Z","Debit"
5,7.67,"Success","EntryFee","2024-05-03T18:59:55.160Z","Debit"
50,2.67,"Success","Winnings","2024-05-04T17:18:44.950Z","Credit"
20,52.67,"Success","EntryFee","2024-05-04T18:55:09.397Z","Debit"
18,32.67,"Success","EntryFee","2024-05-04T18:56:54.095Z","Debit"
12,14.67,"Success","EntryFee","2024-05-05T04:47:01.258Z","Debit"
25,2.67,"Success","Credit","2024-05-05T11:23:22.498Z","Credit"
20,27.67,"Success","EntryFee","2024-05-05T11:25:33.850Z","Debit"
5,7.67,"Success","EntryFee","2024-05-05T11:25:44.711Z","Debit"
5,2.67,"Success","Winnings","2024-05-05T17:48:25.883Z","Credit"
25,7.67,"Success","Credit","2024-05-05T17:56:39.110Z","Credit"
20,32.67,"Success","EntryFee","2024-05-05T17:58:39.937Z","Debit"
12,12.67,"Success","EntryFee","2024-05-05T17:58:59.107Z","Debit"
50,0.67,"Success","Winnings","2024-05-06T17:44:41.551Z","Credit"
20,50.67,"Success","EntryFee","2024-05-06T18:19:56.109Z","Debit"
18,30.67,"Success","EntryFee","2024-05-06T18:21:06.933Z","Debit"
12,12.67,"Success","EntryFee","2024-05-06T19:06:41.168Z","Debit"
25,0.67,"Success","Credit","2024-05-07T23:42:21.696Z","Credit"
20,25.67,"Success","EntryFee","2024-05-07T23:43:52.689Z","Debit"
5,5.67,"Success","EntryFee","2024-05-08T13:58:50.246Z","Debit"
50,0.67,"Success","Winnings","2024-05-08T16:48:29.509Z","Credit"
8,50.67,"Success","Winnings","2024-05-08T16:48:29.521Z","Credit"
20,58.67,"Success","EntryFee","2024-05-08T17:01:31.189Z","Debit"
5,38.67,"Success","EntryFee","2024-05-08T17:03:25.664Z","Debit"
20,33.67,"Success","EntryFee","2024-05-09T17:36:06.563Z","Debit"
12,13.67,"Success","EntryFee","2024-05-09T17:37:13.961Z","Debit"
50,1.67,"Success","Winnings","2024-05-09T18:11:46.476Z","Credit"
20,51.67,"Success","EntryFee","2024-05-10T18:11:17.913Z","Debit"
25,31.67,"Success","EntryFee","2024-05-10T20:42:29.156Z","Debit"
5,6.67,"Success","EntryFee","2024-05-11T03:07:25.100Z","Debit"
39,1.67,"Success","Credit","2024-05-14T17:42:14.051Z","Credit"
40,40.67,"Success","EntryFee","2024-05-14T17:46:31.878Z","Debit"
100,0.67,"Success","Winnings","2024-05-15T17:46:16.628Z","Credit"
100,100.67,"Success","Withdrawal","2024-05-15T17:47:46.065Z","Debit"
40,0.67,"Success","Credit","2024-05-15T21:59:46.455Z","Credit"
40,40.67,"Success","EntryFee","2024-05-15T22:01:49.776Z","Debit"
40,0.67,"Success","Refund","2024-05-16T16:50:00.157Z","Credit"
40,40.67,"Success","EntryFee","2024-05-16T17:04:21.007Z","Debit"
40,0.67,"Success","Credit","2024-05-17T19:24:33.758Z","Credit"
40,40.67,"Success","EntryFee","2024-05-17T19:28:18.147Z","Debit"
40,0.67,"Pending","Credit","2024-05-18T20:15:21.490Z","Credit"
40,0.67,"Pending","Credit","2024-05-18T20:16:02.349Z","Credit"
40,0.67,"Success","Credit","2024-05-18T21:42:23.690Z","Credit"
40,40.67,"Success","EntryFee","2024-05-18T21:45:59.683Z","Debit"
40,0.67,"Success","Credit","2024-05-19T11:08:06.310Z","Credit"
40,40.67,"Success","EntryFee","2024-05-19T11:09:32.808Z","Debit"
100,0.67,"Success","Winnings","2024-05-19T13:47:12.486Z","Credit"
100,100.67,"Pending","Withdrawal","2024-05-19T13:49:35.722Z","Debit"
40,0.67,"Success","Refund","2024-05-19T17:25:44.642Z","Credit"