"amount","previousBalance","transactionStatus","transanctionRelatedType","transanctionTime","transanctionType"
5,0,"Success","Signup Bonus","2024-05-04T15:42:22.995Z","Credit"
5,0,"Success","Cash Bonus","2024-05-04T15:42:23.001Z","Credit"
4.75,5,"Success","EntryFee","2024-05-04T15:46:29.285Z","Debit"
50,0.25,"Failed","Credit","2024-05-06T17:15:12.082Z","Credit"
25,0.25,"Success","Credit","2024-05-07T02:21:03.014Z","Credit"
19,25.25,"Success","EntryFee","2024-05-07T02:30:03.878Z","Debit"
50,6.25,"Success","Credit","2024-05-08T03:30:48.812Z","Credit"
19,56.25,"Success","EntryFee","2024-05-08T05:33:15.808Z","Debit"
11.4,37.25,"Success","EntryFee","2024-05-08T13:58:31.125Z","Debit"
20,25.85,"Success","Winnings","2024-05-08T16:48:30.162Z","Credit"
38,45.85,"Success","EntryFee","2024-05-09T04:34:28.120Z","Debit"
4.85,7.85,"Success","EntryFee","2024-05-09T06:07:31.628Z","Debit"
50,3,"Success","Credit","2024-05-10T01:09:17.330Z","Credit"
40,53,"Success","EntryFee","2024-05-10T05:22:21.818Z","Debit"
12,13,"Success","EntryFee","2024-05-10T05:22:35.732Z","Debit"
25,1,"Success","Credit","2024-05-10T13:55:52.242Z","Credit"
20,26,"Success","EntryFee","2024-05-10T13:58:00.642Z","Debit"
40,6,"Success","Refund","2024-05-10T14:00:00.517Z","Credit"
40,46,"Success","EntryFee","2024-05-11T05:33:22.871Z","Debit"
100,6,"Success","Credit","2024-05-11T14:26:33.912Z","Credit"
20,106,"Success","EntryFee","2024-05-11T15:23:27.001Z","Debit"
59,86,"Success","EntryFee","2024-05-12T02:05:12.082Z","Debit"
18,27,"Success","EntryFee","2024-05-12T03:59:15.110Z","Debit"
100,9,"Success","Credit","2024-05-12T13:54:47.101Z","Credit"
40,109,"Success","EntryFee","2024-05-12T13:56:23.243Z","Debit"
20,69,"Success","EntryFee","2024-05-12T13:58:04.403Z","Debit"
40,49,"Success","Refund","2024-05-12T14:00:00.064Z","Credit"
59,89,"Success","EntryFee","2024-05-12T14:43:03.469Z","Debit"
12,30,"Success","EntryFee","2024-05-12T14:43:46.538Z","Debit"
59,18,"Success","Refund","2024-05-12T14:44:00.101Z","Credit"
20,77,"Success","Winnings","2024-05-12T18:03:01.826Z","Credit"
20,97,"Success","EntryFee","2024-05-13T04:27:04.757Z","Debit"
50,77,"Success","Winnings","2024-05-13T11:28:02.326Z","Credit"
59,127,"Success","EntryFee","2024-05-13T16:14:09.823Z","Debit"
59,68,"Success","Refund","2024-05-13T17:29:50.557Z","Credit"
59,127,"Success","EntryFee","2024-05-14T11:58:46.548Z","Debit"
18,68,"Success","EntryFee","2024-05-14T13:59:02.485Z","Debit"
12,50,"Success","EntryFee","2024-05-14T13:59:37.998Z","Debit"
30,38,"Success","Winnings","2024-05-14T17:57:28.148Z","Credit"
40,68,"Success","EntryFee","2024-05-15T04:53:44.044Z","Debit"
25,28,"Success","EntryFee","2024-05-15T13:56:55.020Z","Debit"
100,3,"Success","Credit","2024-05-16T13:25:43.642Z","Credit"
59,103,"Success","EntryFee","2024-05-17T05:49:24.122Z","Debit"
40,44,"Success","EntryFee","2024-05-17T06:37:37.491Z","Debit"
59,4,"Success","Refund","2024-05-17T14:00:00.103Z","Credit"
59,63,"Success","EntryFee","2024-05-17T17:05:38.738Z","Debit"
25,4,"Success","Credit","2024-05-17T17:18:57.111Z","Credit"
18,29,"Success","EntryFee","2024-05-17T17:24:26.665Z","Debit"
18,11,"Success","Refund","2024-05-17T17:30:00.100Z","Credit"
59,29,"Success","Refund","2024-05-17T17:30:00.125Z","Credit"
59,88,"Success","EntryFee","2024-05-18T13:27:14.305Z","Debit"
20,29,"Success","EntryFee","2024-05-18T13:27:50.836Z","Debit"
59,9,"Success","Refund","2024-05-18T14:00:00.101Z","Credit"
40,68,"Success","EntryFee","2024-05-21T13:42:37.282Z","Debit"
20,28,"Success","EntryFee","2024-05-21T13:42:53.924Z","Debit"
40,8,"Success","Refund","2024-05-21T14:00:00.073Z","Credit"
20,48,"Success","EntryFee","2024-05-21T14:52:05.047Z","Debit"
12,28,"Success","EntryFee","2024-05-21T14:58:13.565Z","Debit"
12,16,"Success","EntryFee","2024-05-21T14:58:26.550Z","Debit"
20,4,"Success","Refund","2024-05-21T15:00:00.131Z","Credit"
50,24,"Success","Winnings","2024-05-21T17:17:35.667Z","Credit"
20,74,"Success","Winnings","2024-05-21T18:37:01.849Z","Credit"
20,94,"Success","Winnings","2024-05-21T18:37:01.865Z","Credit"
18,114,"Success","EntryFee","2024-05-22T04:57:37.414Z","Debit"
40,96,"Success","EntryFee","2024-05-22T13:52:49.594Z","Debit"
12,56,"Success","EntryFee","2024-05-22T13:59:19.211Z","Debit"
30,44,"Success","Winnings","2024-05-22T17:56:22.199Z","Credit"
20,74,"Success","Winnings","2024-05-22T17:56:22.215Z","Credit"
18,94,"Success","EntryFee","2024-05-23T04:55:46.205Z","Debit"
12,76,"Success","EntryFee","2024-05-23T07:36:07.823Z","Debit"
12,64,"Success","Refund","2024-05-23T09:00:00.056Z","Credit"
18,76,"Success","Refund","2024-05-23T09:00:00.079Z","Credit"
18,94,"Success","EntryFee","2024-05-23T14:47:50.112Z","Debit"
12,76,"Success","EntryFee","2024-05-23T14:48:16.432Z","Debit"
59,64,"Success","EntryFee","2024-05-23T14:53:40.049Z","Debit"
12,80,"Success","EntryFee","2024-05-23T18:57:45.918Z","Debit"
18,68,"Success","EntryFee","2024-05-23T18:57:55.131Z","Debit"
18,50,"Success","Refund","2024-05-23T19:00:00.064Z","Credit"
12,68,"Success","EntryFee","2024-05-24T04:57:12.927Z","Debit"
12,-12,"Success","Refund","2024-05-24T04:57:12.927Z","Credit"
50,0,"Success","Credit","2024-05-24T07:47:03.954Z","Credit"
20,50,"Success","EntryFee","2024-05-24T13:57:18.219Z","Debit"
12,30,"Success","EntryFee","2024-05-24T13:59:50.610Z","Debit"
50,18,"Success","Winnings","2024-05-25T05:18:15.796Z","Credit"
20,68,"Success","Winnings","2024-05-25T05:18:16.264Z","Credit"
20,88,"Success","EntryFee","2024-05-25T13:26:41.013Z","Debit"
18,68,"Success","EntryFee","2024-05-25T13:27:13.734Z","Debit"
18,50,"Success","Refund","2024-05-25T13:30:00.065Z","Credit"
20,68,"Success","EntryFee","2024-05-25T14:59:42.689Z","Debit"
20,48,"Success","EntryFee","2024-05-25T18:59:19.429Z","Debit"
12,28,"Success","EntryFee","2024-05-25T18:59:31.913Z","Debit"
12,16,"Success","Refund","2024-05-25T19:00:00.073Z","Credit"
20,28,"Success","Refund","2024-05-25T19:00:00.092Z","Credit"
40,48,"Success","EntryFee","2024-05-26T06:07:09.100Z","Debit"
50,8,"Success","Credit","2024-05-26T13:44:50.805Z","Credit"
40,58,"Success","EntryFee","2024-05-26T18:40:17.521Z","Debit"
18,18,"Success","EntryFee","2024-05-26T18:43:02.586Z","Debit"
50,0,"Success","Credit","2024-05-30T17:07:28.132Z","Credit"
20,50,"Success","EntryFee","2024-05-30T17:17:03.869Z","Debit"
20,30,"Success","EntryFee","2024-05-30T17:23:07.470Z","Debit"
50,10,"Success","Winnings","2024-05-31T05:47:39.296Z","Credit"
20,60,"Success","EntryFee","2024-05-31T05:56:16.700Z","Debit"
20,40,"Success","Refund","2024-05-31T13:30:00.121Z","Credit"
12,60,"Success","EntryFee","2024-06-01T14:00:12.855Z","Debit"
18,48,"Success","EntryFee","2024-06-01T22:46:10.265Z","Debit"
30,30,"Success","Winnings","2024-06-02T04:40:11.869Z","Credit"
12,60,"Success","EntryFee","2024-06-02T14:29:58.157Z","Debit"
12,48,"Success","Refund","2024-06-02T14:30:00.120Z","Credit"
20,60,"Success","EntryFee","2024-06-03T00:24:29.815Z","Debit"
18,40,"Success","EntryFee","2024-06-03T00:24:37.914Z","Debit"
20,22,"Success","EntryFee","2024-06-03T07:03:32.679Z","Debit"
50,2,"Success","Winnings","2024-06-03T17:39:14.465Z","Credit"
20,52,"Success","EntryFee","2024-06-03T17:48:29.746Z","Debit"
12,32,"Success","EntryFee","2024-06-03T23:23:44.623Z","Debit"
20,20,"Success","Winnings","2024-06-04T03:51:08.440Z","Credit"
40,40,"Success","EntryFee","2024-06-04T06:23:24.613Z","Debit"
50,0,"Success","Credit","2024-06-04T15:55:01.796Z","Credit"
40,50,"Success","EntryFee","2024-06-04T15:57:26.470Z","Debit"
40,10,"Success","Refund","2024-06-04T18:58:05.711Z","Credit"
100,50,"Success","Winnings","2024-06-04T19:22:05.845Z","Credit"
100,150,"Pending","Withdrawal","2024-06-04T20:01:07.932Z","Debit"