"amount","previousBalance","transactionStatus","transanctionRelatedType","transanctionTime","transanctionType"
5,0,"Success","Signup Bonus","2024-05-12T23:10:41.079Z","Credit"
5,0,"Success","Cash Bonus","2024-05-12T23:10:41.085Z","Credit"
50,5,"Failed","Credit","2024-05-13T00:38:18.255Z","Credit"
100,5,"Failed","Credit","2024-05-13T15:11:02.639Z","Credit"
25,5,"Failed","Credit","2024-05-18T13:14:32.227Z","Credit"
25,5,"Success","Credit","2024-05-18T13:15:41.291Z","Credit"
11.4,30,"Success","EntryFee","2024-05-18T13:18:35.337Z","Debit"
17.1,18.6,"Success","EntryFee","2024-05-18T13:19:06.058Z","Debit"
20,1.5,"Success","Winnings","2024-05-18T18:35:17.709Z","Credit"
30,21.5,"Success","Winnings","2024-05-18T18:35:17.743Z","Credit"
11.4,51.5,"Success","EntryFee","2024-05-19T11:26:00.226Z","Debit"
11.4,40.1,"Success","Refund","2024-05-19T17:25:44.490Z","Credit"
11.4,51.5,"Success","EntryFee","2024-05-21T13:58:46.681Z","Debit"
19,40.1,"Success","EntryFee","2024-05-25T14:24:53.261Z","Debit"
17.1,21.1,"Success","EntryFee","2024-05-25T14:25:02.936Z","Debit"
30,4,"Success","Winnings","2024-05-25T17:42:02.409Z","Credit"
50,34,"Success","Winnings","2024-05-25T17:42:02.425Z","Credit"
19,84,"Success","EntryFee","2024-05-25T18:27:56.019Z","Debit"
12,65,"Success","EntryFee","2024-05-25T18:28:18.096Z","Debit"
18,53,"Success","EntryFee","2024-05-25T18:28:26.451Z","Debit"
30,35,"Success","Winnings","2024-05-25T22:31:02.690Z","Credit"
50,65,"Success","Winnings","2024-05-25T22:31:02.705Z","Credit"
20,115,"Success","Winnings","2024-05-25T22:31:02.719Z","Credit"
100,135,"Failed","Withdrawal","2024-05-26T00:36:47.872Z","Debit"
12,35,"Success","EntryFee","2024-05-26T13:33:41.793Z","Debit"
18,23,"Success","EntryFee","2024-05-26T13:34:44.814Z","Debit"
30,5,"Success","Winnings","2024-05-26T16:57:41.979Z","Credit"
110,135,"Success","Withdrawal","2024-05-28T12:34:59.169Z","Debit"
12,25,"Success","EntryFee","2024-05-28T14:29:14.167Z","Debit"
60,13,"Failed","Credit","2024-05-29T11:09:00.504Z","Credit"
60,13,"Success","Credit","2024-05-29T11:10:20.753Z","Credit"
20,73,"Success","EntryFee","2024-05-29T11:11:36.727Z","Debit"
10,53,"Success","Winnings","2024-05-29T11:32:02.086Z","Credit"
5,63,"Success","EntryFee","2024-05-29T11:57:08.503Z","Debit"
18,58,"Success","EntryFee","2024-05-29T11:57:22.933Z","Debit"
30,40,"Success","Winnings","2024-05-29T18:00:03.636Z","Credit"
12,70,"Success","Winnings","2024-05-29T18:00:03.652Z","Credit"
50,82,"Success","Winnings","2024-05-29T18:00:03.682Z","Credit"
18,132,"Success","EntryFee","2024-05-29T18:55:56.230Z","Debit"
18,114,"Success","EntryFee","2024-05-29T19:46:00.105Z","Debit"
20,96,"Success","EntryFee","2024-05-30T04:25:43.448Z","Debit"
12,76,"Success","EntryFee","2024-05-30T04:25:51.939Z","Debit"
12,64,"Success","EntryFee","2024-05-30T13:28:53.370Z","Debit"
20,52,"Success","EntryFee","2024-05-30T13:29:47.633Z","Debit"
20,32,"Success","Winnings","2024-05-31T05:47:31.009Z","Credit"
30,52,"Success","Winnings","2024-05-31T05:47:31.499Z","Credit"
20,82,"Success","Winnings","2024-05-31T05:47:31.986Z","Credit"
20,102,"Success","Refund","2024-05-31T13:00:47.633Z","Credit"
20,122,"Success","Refund","2024-05-31T13:01:43.448Z","Credit"