"amount","previousBalance","transactionStatus","transanctionRelatedType","transanctionTime","transanctionType"
5,0,"Success","Signup Bonus","2024-05-25T02:36:38.189Z","Credit"
5,0,"Success","Cash Bonus","2024-05-25T02:36:38.195Z","Credit"
1.9,5,"Success","EntryFee","2024-05-25T17:15:31.952Z","Debit"
0.95,3.1,"Success","EntryFee","2024-05-25T17:15:49.769Z","Debit"
25,2.15,"Success","Credit","2024-05-25T17:42:46.678Z","Credit"
11.4,27.15,"Success","EntryFee","2024-05-25T17:47:06.345Z","Debit"
4.75,15.75,"Success","EntryFee","2024-05-25T17:47:37.957Z","Debit"
20,11,"Success","Winnings","2024-05-25T22:31:02.632Z","Credit"
9,31,"Success","Winnings","2024-05-25T22:31:02.648Z","Credit"
4,40,"Success","Winnings","2024-05-25T22:31:02.662Z","Credit"
3,44,"Success","Winnings","2024-05-25T22:31:02.677Z","Credit"
17.1,47,"Success","EntryFee","2024-05-27T02:41:18.404Z","Debit"
19,29.9,"Success","EntryFee","2024-05-27T02:42:24.211Z","Debit"
30,10.9,"Success","Winnings","2024-05-27T19:23:02.090Z","Credit"
50,40.9,"Success","Winnings","2024-05-27T19:23:02.106Z","Credit"
11.4,90.9,"Success","EntryFee","2024-05-28T04:48:15.518Z","Debit"
57.5,79.5,"Success","EntryFee","2024-05-28T04:49:04.636Z","Debit"
18,22,"Success","EntryFee","2024-05-28T04:49:33.854Z","Debit"
1,4,"Success","EntryFee","2024-05-28T05:01:56.610Z","Debit"
2,3,"Success","EntryFee","2024-05-28T05:02:01.804Z","Debit"
1,1,"Success","EntryFee","2024-05-28T14:47:33.758Z","Debit"
2,0,"Success","Refund","2024-05-28T15:30:01.280Z","Credit"
1,2,"Success","Refund","2024-05-28T15:30:01.295Z","Credit"
2,3,"Success","EntryFee","2024-05-28T15:35:36.040Z","Debit"
1,1,"Success","EntryFee","2024-05-28T16:41:16.631Z","Debit"
2,0,"Success","Refund","2024-05-28T19:27:12.492Z","Credit"
2,2,"Success","Refund","2024-05-28T19:27:12.617Z","Credit"
10,4,"Success","Winnings","2024-05-29T11:32:02.040Z","Credit"
30,14,"Success","Winnings","2024-05-29T11:32:02.056Z","Credit"
100,44,"Success","Winnings","2024-05-29T11:32:02.071Z","Credit"
100,144,"Failed","Withdrawal","2024-05-29T16:48:21.614Z","Debit"
18,44,"Success","Refund","2024-05-29T18:29:16.358Z","Credit"
20,26,"Success","Refund","2024-05-29T18:30:33.149Z","Credit"
18,91,"Success","EntryFee","2024-05-30T11:24:47.916Z","Debit"
20,73,"Success","EntryFee","2024-05-30T11:25:15.075Z","Debit"
18,53,"Success","EntryFee","2024-05-30T11:27:47.591Z","Debit"
18,35,"Success","EntryFee","2024-05-30T11:28:02.443Z","Debit"
12,17,"Success","EntryFee","2024-05-30T11:28:22.597Z","Debit"
5,5,"Success","EntryFee","2024-05-30T11:28:49.441Z","Debit"
6,0,"Success","Winnings","2024-05-31T05:47:32.473Z","Credit"
50,6,"Success","Winnings","2024-05-31T05:47:32.960Z","Credit"
18,56,"Success","EntryFee","2024-05-31T18:58:05.537Z","Debit"
12,38,"Success","EntryFee","2024-05-31T18:58:22.861Z","Debit"
20,26,"Success","EntryFee","2024-05-31T18:58:45.400Z","Debit"
6,6,"Success","EntryFee","2024-05-31T18:59:18.194Z","Debit"